C,V,F,NOME CLIENTE,DOMINIO,DNS,DOMINIO PREZZO,DOMINIO COSTO,SCADENZA DOMINIO,HOSTING,HOSTING COSTO,SCADENZA HOSTING,POSTA,POSTA COSTO,SCADENZA POSTA,SMTP,SMTP COSTO,SCADENZA SMTP,ANTI, ANTI COSTO,SCADENZA ANTISPAM,SSL,PEC,PEC COSTO,SCADENZA PEC,COOKIEBOT,COOKIEBOT COSTO,AUT,EYE,MOBILE SYNC,TOTALE,TOT COSTO,TOTALE 2,SERVER,SPAZIO,SPAZIO UTILIZZATO (gen 22),TRAFFICO,CMS,PG SITO,NOTE
,,Fatturato 2022,2NOVE9,https://www.2nove9.com/,Altro,"€0,00",,,"€140,00",,,"€0,00",,,"€0,00",,,"€0,00",,,"€30,00","€0,00",,,,,,,,"€170,00","€0,00",,001,1 Gb,115 Mb,,SLAMP,,Marta Magni 2nove9
,,Da fatturare,3DMODEL UNITY,,Altro,"€0,00",,,,,,"€0,00",,,"€0,00",,,"€0,00",,,"€30,00","€0,00",,,,,,,,"€30,00","€0,00",,002,,200 Mb,,,,
,,,A.D POLISPORTIVA VICTOR RHO - SEZIONE BASKET,,-,,,,,,,,,,,,,,,,,,,,,,"€49,00",,,"€49,00","€0,00",,,,,,,,
,,Da fatturare,3Q,,Register,,,,,,,,,,,,,,,,,,,,,,,,,"€0,00","€0,00",,,,,,,,
,,,A.S.D. SALICE,,-,,,,,,,,,,,,,,,,,,,,,,"€98,00",,,"€98,00","€0,00",,,,,,,,
,,,A.S.D. Volley Berzo Inferiore,,-,,,,,,,,,,,,,,,,,,,,,,"€10,00",,,"€10,00","€0,00",,,,,,,,
,,,A.S.D. Volley2laghi,,-,,,,,,,,,,,,,,,,,,,,,,"€10,00",,,"€10,00","€0,00",,,,,,,,
,,Fatturato 2022,AB RE PROJECT,3bware.it,Register,"€50,00","€15,00",08/11/2022,"€0,00",,,"€19,00","€9,80",8186849.        28/06/2022,"€0,00",,,"€0,00",,,"€0,00","€0,00",,,,,,,,"€69,00","€24,80","€69,00",-,,,,,,Non ha il sito
,,Fatturato 2022,ABACO,abacosrl.com,Register,"€50,00","€15,00",04/03/2022,"€90,00",,,"€45,00","€23,05",8193880.        02/07/2022,"€15,00","€9,10",07/07/2022,"€0,00",,,"€30,00","€0,00",,,,,,,,"€230,00","€47,15","€280,00",001,500 Mb,70 Mb,,,,
,,Fatturato 2022,ABACO,kubeonline.it,Register,"€50,00","€15,00",18/09/2022,"€0,00",,,,,,"€0,00",,,"€0,00",,,"€0,00","€0,00",,,,,,,,"€50,00","€15,00",,-,,,,,,Non ha il sito
,,,ACS VOLLEY POVOLARO,,-,,,,,,,,,,,,,,,,,,,,,,"€49,00",,,"€49,00","€0,00",,,,,,,,
,,Fatturato 2022,ADOBER,adober.it,Promo,"€0,00",,,"€140,00",,,"€0,00",,,"€0,00",,,"€0,00",,,"€30,00","€0,00",,,,,,,,"€170,00","€0,00","€170,00",002,,120 Mb,,,,
,,Fatturato 2022,ALBERGO BELVEDERE,belvederemozzio.it,Register,"€50,00","€15,00",08/06/2022,"€240,00",,,"€19,00","€9,80",8447236.       22/10/2022,"€15,00","€9,10",22/10/2022,"€38,00","€18,90",22/10/2022,"€30,00","€0,00",,,,,,,,"€392,00","€52,80","€392,00",002,2 Gb,400 Mb,,,,
,,Fatturato 2022,ALESSANDRA CATTANEO,passodopopasso.me,Register,"€50,00","€15,00",27/02/2022,"€0,00",,,"€19,00","€9,80",16/04/2022,"€15,00","€9,10",16/04/2022,"€38,00","€18,90",16/04/2022,"€0,00","€0,00",,,,,,,,"€122,00","€52,80","€122,00",-,,,,,,Non ha il sito
,,Fatturato 2022,ALLEGRA DAMI,damijustforkids.com,Altro,"€0,00",,,"€240,00",,,"€0,00",,,"€0,00",,,"€0,00",,,"€30,00","€0,00",,,,,,,,"€270,00","€0,00","€240,00",001,2 Gb,100 Mb,,,,PROPOSTA DI RESTYLING
,,Fatturato 2022,ALMAFER,almafer.it,Register,"€50,00","€15,00",27/01/2023,"€0,00",,,"€25,00","€14,65",8376674.        20/09/2022,"€15,00",,,"€0,00",,,"€0,00","€0,00",,,,,,,,"€90,00","€29,65","€90,00",-,,,,,,Non ha il sito
,,Fatturato 2022,AMCHAM,amcham.it,Altro,"€0,00",,,"€340,00",,,"€0,00",,,"€0,00","€9,10",20/09/2022,"€0,00",,,"€30,00","€0,00",,,,,,,,"€370,00","€9,10","€370,00",002,4 Gb,"6,7 Gb",30 Gb / mese,,,PROPOSTA DI HOSTING
,,Fatturato 2022,AMCHAM,eventi.amcham.it,,,,,,,,,,,,,,,,,,,,,,,,,,"€0,00","€0,00",,002,,,,,,
,,Fatturato 2022,AMCHAM,infografiche.amcham.it,,,,,,,,,,,,,,,,,,,,,,,,,,"€0,00","€0,00",,002,,,,,,
,,Fatturato 2022,AMPLA,ampla.it,Altro,"€0,00",,,"€140,00",,,"€0,00",,,"€0,00",,,"€0,00",,,"€30,00","€0,00",,,,,,,,"€170,00","€0,00","€170,00",002,,200 Mb,,,,
,,DA VERIFICARE,ANDREA PELLEGRINI,,,,,,,,,,,,,,,,,,,,,,,,,,,"€0,00","€0,00",,,,,,,,Dominio da registrare 2022
,,Fatturato 2022,ANDREOTTI IMPIANTI,andreottiimpianti.com,Altro,"€0,00",,,"€540,00",,,"€0,00",,,"€0,00",,,"€0,00",,,"€30,00","€0,00",,,,,,,,"€570,00","€0,00","€570,00",001,6 Gb,350 Mb,,,,DNS gestito da cliente
,,,Ancona Team Volley Asd,,,,,,,,,,,,,,,,,,,,,,,,"€49,00",,,"€49,00","€0,00",,,,,,,,
,,Fatturato 2022,AR COMPUTER SERVICE,arcomputerservice.it,Register,"€50,00","€15,00",08/12/2022,"€90,00",,,"€84,00","€30,70","19481090   04/02/2023
8139525.   26/06/2022","€15,00","€9,10",16/10/2022,"€0,00",,,"€0,00","€30,00","€19,00",09/11/2022,,,,,,"€269,00","€73,80",,,,,,,,
,,,ANDREA SNC di Mosele Elisa e Costa Tania,,,,,,,,,,,,,,,,,,,,,,,,,"€1,00",,"€1,00","€0,00",,,,,,,,
,,Fatturato 2022,ARCHITETTO GIUSEPPE SANGALLI,architettosangalli.it,Register,"€50,00","€15,00",03/07/2022,"€90,00",,,"€19,00","€9,80",8434653.        16/10/2022,"€15,00","€9,10",16/10/2022,"€0,00",,,"€30,00","€0,00",,,,,,,,"€204,00","€33,90","€204,00",002,500 Mb,334 Mb,,,,
,,Fatturato 2022,ARCHITETTO GIUSEPPE SANGALLI,dottoressaandreozzi.it,Register,"€50,00","€15,00",22/12/2022,"€90,00",,,"€0,00",,,"€15,00","€9,10",05/11/2022,"€0,00",,,"€30,00","€0,00",,,,,,,,"€185,00","€24,10","€185,00",001,500 Mb,90 Mb,,,,
,,Fatturato 2022,ARIEL,fondazioneariel.it,Register,"€50,00","€15,00",12/01/2023,"€140,00",,,"€0,00",,,"€0,00",,,"€0,00",,,"€30,00","€0,00",,,,,,,,"€220,00","€15,00","€220,00",001,1 Gb,2 Gb,,SLAMP,,Manca codice SDI | PROPOSTA DI HOSTING
,,Fatturato 2022,ARIENTI,arientigp.it,Register,"€50,00","€15,00",25/08/2022,,,,"€200,00","€73,90","13536301       25/01/2023
8809518       19/03/2022
8809425       19/03/2022
12205363       31/05/2022","€15,00","€9,10",10/03/2022,"€38,00","€18,90",19/03/2022,"€0,00","€118,00","€19,80",7561642.       08/11/2022,,,,,,"€421,00","€136,70","€661,00",-,,,,-,,DA VERIFICARE HOSTING -> non più a nostro carico
,,Fatturato 2022,ARIENTI,arientipreventivi.it,Register,"€50,00","€15,00",14/04/2022,"€140,00",,,,,,,,,,,,,,,,,,,,,"€190,00","€15,00",,JENNA,1 Gb,,,-,,Non è un sito nostro
,,Fatturato 2022,ARIENTI,agrandi.it,Register,"€50,00","€15,00",25/08/2022,,,,,,,,,,,,,,,"€19,80",28/11/2022,,,,,,"€50,00","€34,80",,-,,,,-,,
,,Fatturato 2022,ARRIGONI 4X4,arrigoni4X4.it,Altro,"€0,00",,,"€540,00",,,"€0,00",,,"€0,00",,,"€0,00",,,"€30,00","€0,00",,,,,,,,"€570,00","€0,00","€570,00",001,6 Gb,"7,5 Gb",151 Gb,SLAMP,,DNS gestito da cliente | PROPOSTA DI HOSTING
,,Fatturato 2022,ARRIGONI 4X4,arrigoni4x4store.com,Altro,"€0,00",,,"€0,00",,,"€0,00",,,"€0,00",,,"€0,00",,,"€0,00","€0,00",,,,,,,,"€0,00","€0,00","€0,00",,,,,,,
,,Fatturato 2022,ARTU,artuassociazione.org,Altro,"€0,00",,,"€140,00",,,"€0,00",,,"€0,00",,,"€0,00",,,"€30,00","€0,00",,,,,,,,"€170,00","€0,00","€170,00",002,1 Gb,"1,9 Gb",11 Gb / mese,SLAMP,,Manca codice SDI - PROPOSTA DI HOSTING
,,Fatturato 2022,ASINO PROFIT,asinoprofit.it,Register,"€50,00","€42,75",04/10/2022,"€140,00",,,"€0,00",,,"€0,00",,,"€0,00",,,"€30,00","€0,00",,,,,,,,"€220,00","€42,75",,002,,130 Mb,,SLAMP,,
,,Fatturato 2022,ASSOCIAZIONE AVPS VIMERCATE,avps.it,Register,"€50,00","€15,00",22/02/2022,"€140,00",,,"€0,00",,,"€0,00",,,"€0,00",,,"€30,00","€95,00","€19,80",5976434.       02/09/2022,,,,,,"€315,00","€34,80","€315,00",002,1 Gb,"1,5 Gb",6 Gb / mese,SLAMP,,PROPOSTA DI HOSTING
,,Fatturato 2022,BANDA VIMERCATE,bandavimercate.it,Register,"€50,00","€15,00",13/04/2022,"€140,00",,,"€19,00","€9,80",8434829.      16/10/2022,"€0,00",,,"€0,00",,,"€30,00","€0,00",,,,,,,,"€239,00","€24,80","€289,00",001,1 Gb,790 Mb,15 Gb / mese,SLAMP,,
,,Fatturato 2022,BANDA VIMERCATE,saleprovavimercate.it,Register,"€50,00","€15,00",10/01/2023,"€0,00",,,"€0,00",,,"€0,00",,,"€0,00",,,"€0,00","€0,00",,,,,,,,"€50,00","€15,00",,-,,,,,,
,,Fatturato 2022,BC IMPIANTI,bcimpiantielettrici.com,Register,"€50,00","€9,90",22/10/2022,"€140,00",,,"€0,00",,,"€0,00",,,"€0,00",,,"€30,00","€0,00",,,,,,,,"€220,00","€9,90","€220,00",001,1 Gb,160 Mb,,SLAMP,,
,,DA VERIFICARE,BECOME,become-hub.com,Altro,"€0,00","€6,90",10/02/2023,,"€30,55",10/04/2022,,,,,,,,,,"€30,00",,,,,,,,"€14,25","€30,00","€51,70",,Cpanel,,,,WP,,
,,DA VERIFICARE,BIOSIO 2006 Snc,,Register,"€0,00",,,"€0,00",,,"€0,00",,,"€0,00",,,"€0,00",,,"€0,00","€30,00","€19,00",13/11/2022,,,,,,"€30,00","€19,00",,,,,,,,
,,,ASD LENNO,,,,,,,,,,,,,,,,,,,,,,,,"€49,00",,,"€49,00","€0,00",,,,,,,,
,,,ASD PALLAVOLO TEATINA,,,,,,,,,,,,,,,,,,,,,,,,"€49,00",,,"€49,00","€0,00",,,,,,,,
,,,Asd.P. Nuova Grosseto Barbanella,,,,,,,,,,,,,,,,,,,,,,,,"€98,00",,,"€98,00","€0,00",,,,,,,,
,,,Asd.P. Nuova Grosseto Barbanella,,,,,,,,,,,,,,,,,,,,,,,,"€98,00",,,"€98,00","€0,00",,,,,,,,
,,,Asdo Azzurri,,,,,,,,,,,,,,,,,,,,,,,,"€10,00",,,"€10,00","€0,00",,,,,,,,
,,Fatturato 2022,BITRÉ,bitresport.it,Register,"€50,00","€15,00",29/10/2022,"€90,00",,,"€64,00","€40,35","15899002.         30/03/2022
11172038.        28/10/2022","€15,00","€9,10",29/10/2022,"€38,00","€18,90",29/10/2022,"€30,00","€0,00",,,,,,,"€4,75","€287,00","€88,10","€306,00",002,500 Mb,"1,3 Gb",,,,PROPOSTA DI HOSTING
,,Fatturato 2022,BLLT,bllt.it,Altro,"€0,00",,,"€140,00",,,"€0,00",,,"€0,00",,,"€0,00",,,"€30,00","€0,00",,,"€132,00","€86,00",,,,"€302,00","€86,00",,001,1 Gb,220 Mb,,SLAMP,,Tolti 50 € di dominio
,,Fatturato 2022,BODE Srl,bodesrl.it,Register,"€50,00","€15,00",,"€0,00",,,"€0,00",,,"€0,00",,,"€0,00",,,"€0,00","€0,00",,,,,,,,"€50,00","€15,00",,,,,,,,
,,Fatturato 2022,BRUNA GALBUSERA,barchitects.it,Register,"€50,00","€15,00",11/07/2022,"€140,00",,,"€19,00","€9,80",12374692.         11/04/2022,"€15,00","€9,10",18/09/2022,"€38,00","€18,90",11/07/2022,"€30,00","€0,00",,,,,,,,"€292,00","€52,80","€292,00",002,1 Gb,380 Mb,,SLAMP,,
,,DA VERIFICARE,BRUNO BARBARESCHI,prototipazione.it,Register,"€50,00","€15,00",10/01/2023,"€0,00",,,"€0,00",,,"€0,00",,,"€0,00",,,"€0,00","€0,00",,,,,,,,"€50,00","€15,00","€50,00",,,,,,,
,,Fatturato 2022,CASCINA BIBLIOTECA ,cascinabiblioteca.it,Siteground,"€0,00",,,"€240,00",,,"€0,00",,,"€0,00",,,"€0,00",,,"€30,00","€0,00",,,,,,,,"€270,00","€0,00","€270,00",Siteground,20 Gb,,,WP,,"275,88 €  Siteground"
,,Fatturato 2022,CAZZANIGA RM,cazzanigarm.com,Register,"€50,00","€15,00",06/05/2021,"€140,00",,,"€19,00","€33,10",25/05/2022,"€15,00","€9,10",05/11/2022,"€0,00",,,"€30,00","€0,00",,,,,,,"€14,25","€254,00","€71,45","€254,00",001,1 Gb,270 Mb,,SLAMP,,Manca codice SDI
,,Fatturato 2022,CERERIA PARMA,cereriaparma.it,Register,"€50,00","€15,00",20/10/2022,"€75,00","€30,55",23/09/2022,"€45,00","€23,05",8447647.       22/10/2022,"€15,00","€9,10",22/10/2022,"€38,00","€18,90",22/10/2022,"€0,00","€0,00",,,,,,,,"€223,00","€96,60","€223,00",HOS REGISTER,,,,,,Manca codice SDI
,,Fatturato 2022,CERNUSCO SMS FONDAZIONE,fondazionecernuscosms.it,Register,"€50,00","€15,00",14/10/2022,"€140,00",,,"€0,00",,,"€0,00",,,"€0,00",,,"€30,00","€59,00",,,,,,,,"€279,00","€15,00","€254,00",003,1 Gb,500 Mb,,WP,,
,,Fatturato 2022,CGS ABRASIVES,cgsabrasives.it,Register,"€50,00","€15,00",06/09/2022,"€140,00",,,"€0,00",,,"€0,00",,,"€0,00",,,"€30,00","€0,00",,,,,,,,"€220,00","€15,00","€220,00",001,1 Gb,750 Mb,,SLAMP,,Manca codice SDI
,,Fatturato 2022,CLAUDIO LOMBARDI,legioiedieliane.it,Register,"€50,00",,,"€90,00",,,"€0,00",,,"€0,00",,,"€0,00",,,"€30,00","€0,00",,,,,,,,"€170,00","€0,00","€170,00",001,500 Mb,930 Mb,,SLAMP,,PROPOSTA DI HOSTING
,,Fatturato 2022,CLAUDIO LOMBARDI,traslucenza.it,Altro,"€0,00",,,"€90,00",,,"€0,00",,,"€0,00",,,"€0,00",,,"€30,00","€0,00",,,,,,,,"€120,00","€0,00","€120,00",001,500 Mb,180 Mb,,SLAMP,,traslucenza.com traslucenza.net
,,Fatturato 2022,CLAUDIO LOMBARDI,ecografia.it,Altro,"€0,00",,,"€90,00",,,"€0,00",,,"€0,00",,,"€0,00",,,"€30,00","€0,00",,,,,,,,"€120,00","€0,00","€120,00",001,500 Mb,90 Mb,,SLAMP,,
,,Fatturato 2022,CLIMA ITALIA,clima-italia.com,Register,"€50,00","€15,00",05/01/2023,"€140,00",,,"€45,00","€14,65",8957892.        16/05/2022,"€15,00","€9,10",16/05/2022,"€38,00","€18,90",16/05/2022,"€30,00","€0,00",,,,,,,,"€318,00","€57,65","€318,00",001,1 Gb,200 Mb,,SLAMP,,
,,DA VERIFICARE,"CONSORZIO OPTOCOOP ITALIA SC
",,,,,,,,,,,,,,,,,,,,,,,,,,,"€0,00","€0,00",,,,,,,,
,,Fatturato 2022,COSTRUZIONI RIVA,costruzioniriva.it,Altro,"€0,00",,,"€240,00",,,"€0,00",,,"€0,00",,,"€0,00",,,"€30,00","€0,00",,,,,,,,"€270,00","€0,00","€270,00",002,,890 Mb,,,,
,,,BLACK BULLS,,,,,,,,,,,,,,,,,,,,,,,,"€49,00",,,"€49,00","€0,00",,,,,,,,
,,DA VERIFICARE,CRAI,craivimercate.it,Register,"€50,00","€15,00",20/03/2022,,,,,,,,,,,,,,,,,,,,,,"€50,00","€15,00",,002,,10 Mb,,,,
,,Fatturato 2022,CRESPI DESIGN,crespidesign.it,Register,"€50,00","€15,00",22/04/2022,"€90,00",,,"€45,00","€14,65",8437095.       17/10/2022,"€15,00","€9,10",17/10/2022,"€0,00",,,"€0,00","€30,00",,,,,,,,"€230,00","€38,75","€200,00",002,,100 Mb,,,,
,,Fatturato 2022,DE PASCALIS FEDERICA,studiodepascalis.eu,Register,"€50,00","€35,00",03/11/2022,"€90,00","€30,55",26/12/2022,"€19,00",,,"€15,00",,,"€38,00","€18,90",24/10/2022,"€30,00","€0,00",,,,,,,,"€242,00","€84,45","€242,00",HOS REGISTER,,,,WP,,
,,,Campagnola don Bosco,,,,,,,,,,,,,,,,,,,,,,,,"€10,00",,,"€10,00","€0,00",,,,,,,,
,,,Campagnola don bosco,,,,,,,,,,,,,,,,,,,,,,,,"€10,00",,,"€10,00","€0,00",,,,,,,,
,,Fatturato 2022,DIGI UNIT,digiunit.it,Altro,"€0,00",,,"€140,00",,,"€0,00",,,"€0,00",,,"€0,00",,,"€30,00","€0,00",,,,,,,,"€170,00","€0,00","€170,00",002,1 Gb,412 Mb,,SLAMP,,
,,Fatturato 2022,DIGITALWIDE,digitalwide.it,Register,"€50,00","€15,00",06/02/2023,"€140,00",,,"€45,00","€23,05",9027839.        11/06/2022,"€15,00","€9,10",11/06/2022,"€38,00","€18,90",20/05/2022,"€30,00","€0,00","€19,00",09/11/2022,,,,,,"€318,00","€85,05","€318,00",002,?,250 Mb,,SLAMP,,
,,Fatturato 2022,DISCORDIA,discordiaproduction.com,Altro,"€0,00",,,"€90,00",,,"€0,00",,,"€0,00",,,"€0,00",,,"€30,00","€0,00",,,,,,,,"€120,00","€0,00","€120,00",002,,212 Mb,,SLAMP,,
,,DA VERIFICARE,DIGITOUCH,,Register,,,,,"€597,00",,,,,,,,,,,,,,,,,,,,"€0,00","€597,00",,,,,,,,
,,Da fatturare,ECOCOOP,,Altro,"€0,00",,,,,,"€0,00",,,"€0,00",,,"€0,00",,,"€30,00","€0,00",,,,,,,,"€30,00","€0,00",,002,,215 Mb,,SLAMP,,
,,Da fatturare,ELENA DOSSI,rinchiudetely.it,Altro,"€0,00",,,"€0,00",,,"€0,00",,,"€0,00",,,"€0,00",,,"€0,00","€0,00",,,,,,,,"€0,00","€0,00",,003,,,,WP,,
,,Da fatturare,ELETTROCASA,elettrocasasrl.it,Altro,,,,,,,,,,,,,,,,,,,,,,,,,"€0,00","€0,00",,002,,125 Mb,,SLAMP,,
,,,CAVOUR 27 sas di Carelli Massimo,,,,,,,,,,,,,,,,,,,,,,,,,"€1,00",,"€1,00","€0,00",,,,,,,,
,,Da fatturare,ELETTRONICA ASTER Spa,elaster.it,Altro,"€0,00",,,"€740,00",,,"€0,00",,,"€0,00",,,"€0,00",,,"€0,00","€0,00",,,,,,,,"€740,00","€0,00","€740,00",002,,240 Mb,,,,
,,Fatturato 2022,ELISA VALT,elisavalt.it,Register,"€50,00","€15,00",20/11/2022,"€90,00",,,"€0,00",,,"€0,00",,,"€0,00",,,"€0,00","€0,00",,,,,,,,"€140,00","€15,00","€140,00",HOS REGISTER,,,,WP,,
,,Fatturato 2022,FEDRA,fedracollection.com,Register,"€50,00","€15,00",14/05/2022,"€140,00",,,"€19,00","€9,80",11513258.  13/01/2023,"€15,00","€9,10",24/10/2022,"€0,00",,,"€30,00","€0,00",,,,,,,,"€254,00","€33,90","€254,00",002,1 Gb,"2,5 Gb",,SLAMP,,
,,Fatturato 2022,FLEI,flei.it,Register,"€50,00","€15,00",20/06/2022,"€90,00",,,"€45,00","€23,05",8255073.        06/08/2022,"€15,00","€9,10",06/08/2022,"€38,00","€18,90",06/08/2022,"€30,00","€0,00",,,,,,,,"€268,00","€66,05","€268,00",002,,135 Mb,,SLAMP,,Posta in gestione a Marco Scurati  - OFFICE 365
,,Da fatturare,FMC,fmc-onlus.com,Altro,,,,,,,,,,,,,,,,,,,,,,,,,"€0,00","€0,00","€170,00",003,,730 Mb,,WP,,
,,Da fatturare,FONDAZIONE RESTELLI,fondazionerestelli.it,Altro,,,,,,,,,,,,,,,,,,,,,,,,,"€0,00","€0,00",,003,,680 Mb,,WP,,
,,Fatturato 2022,FUMAGALLI MOBILI,fumagallimobili.it,Register,"€50,00","€15,00",19/10/2022,"€90,00",,,"€25,00","€14,65",8455863.       25/10/2022,"€15,00","€9,10",25/10/2022,"€38,00","€18,90",25/10/2022,"€30,00","€30,00","€19,80",10/02/2023,,,,,,"€278,00","€77,45","€278,00",001,500 Mb,1 Gb,,SLAMP,,PROPOSTA DI HOSTING
,,Fatturato 2022,GECAL,gecal.eu,Register,"€50,00","€15,00",12/06/2022,"€0,00",,,"€0,00",,,"€0,00",,,"€0,00",,,"€0,00","€0,00",,,,,,,,"€50,00","€15,00","€1.340,00",,,,,,,
,,Fatturato 2022,GECAL,gecalspa.com,Register,"€50,00","€15,00",11/10/2022,"€0,00",,,"€0,00",,,"€0,00",,,"€0,00",,,"€0,00","€0,00",,,,,,,,"€50,00","€15,00",,,,,,,,
,,Fatturato 2022,GECAL,gecalspa.it,Register,"€50,00","€15,00",11/10/2022,"€740,00",,,"€0,00",,,"€0,00",,,"€0,00",,,"€0,00","€0,00",,,,,,,,"€790,00","€15,00",,002,8 Gb,6 Gb,,SLAMP,,
,,Fatturato 2022,GECAL,gecalsrl.com,Register,"€50,00","€15,00",26/02/2022,"€0,00",,,"€0,00",,,"€0,00",,,"€0,00",,,"€0,00","€0,00",,,,,,,,"€50,00","€15,00",,,,,,,,
,,Fatturato 2022,GECAL,gecalsrl.it,Register,"€50,00","€15,00",08/12/2022,"€0,00",,,"€0,00",,,"€0,00",,,"€0,00",,,"€0,00","€0,00",,,,,,,,"€50,00","€15,00",,,,,,,,
,,Fatturato 2022,GECAL,aviva.gecalspa.it,Register,"€0,00",,,"€140,00",,,"€0,00",,,"€0,00",,,"€0,00",,,"€0,00","€0,00",,,,,,,,"€140,00","€0,00","€280,00",JENNA,1 Gb,,,SLAMP,,
,,Fatturato 2022,GECAL,allianz.gecalspa.it,Register,"€0,00",,,"€140,00",,,"€0,00",,,"€0,00",,,"€0,00",,,"€0,00","€0,00",,,,,,,,"€140,00","€0,00",,JENNA,1 Gb,,,SLAMP,,
,,DA VERIFICARE,GERMANI D'UGO,gdctax.it,Altro,,,,,,,,,,,,,,,,,,,,,,,,,"€0,00","€0,00",,,,,,,,
,,,EAT TENNIS SSD a R.L.,,,,,,,,,,,,,,,,,,,,,,,,"€98,00",,,"€98,00","€0,00",,,,,,,,
,,,EAT TENNIS SSD a R.L.,,,,,,,,,,,,,,,,,,,,,,,,"€49,00",,,"€49,00","€0,00",,,,,,,,
,,Fatturato 2022,GUASTALLA,www.guastalla.org,Altro,"€0,00",,,"€240,00",,,"€0,00",,,"€0,00",,,"€0,00",,,"€30,00","€0,00",,,,,,,,"€270,00","€0,00","€1.080,00",002,2 Gb,"5,3 Gb",,SLAMP,,PROPOSTA DI HOSTING
,,Fatturato 2022,HONÉRO,honero.eu,Register,"€50,00","€15,00",21/12/2022,"€140,00",,,"€25,00","€48,00",07/01/2023,"€15,00","€9,10",07/01/2023,"€0,00",,,"€30,00","€59,00","€19,80",18/02/2023,,,,,"€19,00","€319,00","€110,90","€289,00",004,1 Gb,70 Mb,,SLAMP,,
,,Fatturato 2022,HOTEL ZUST,hotelzust.com,Altro,"€0,00",,,"€216,00",,,"€15,00","€9,80",,"€0,00",,,"€0,00",,,"€30,00","€0,00",,,,,,,,"€261,00","€9,80",,001,2 Gb,"1,2 Gb",,SLAMP,,Da fare a febbraio -> spostamento dominio -> guardare supporto clienti
,,Fatturato 2022,IL GABBIANO LIBRARIA,libreriailgabbiano.it,Altro,"€0,00",,,"€140,00",,,"€0,00",,,"€0,00",,,"€0,00",,,"€30,00","€0,00",,,,,,,,"€170,00","€0,00","€170,00",002,,300 Mb,,SLAMP,,
,,Fatturato 2022,IMEK,imek.it,Register,"€50,00","€15,00",08/01/2023,"€0,00",,,"€19,00","€9,80",9298640.        15/09/2022,"€0,00",,,"€0,00",,,"€0,00","€0,00",,,,,,,,"€69,00","€24,80","€69,00",,,,,,,Solo pagina di cortesia
,,Fatturato 2022,IMMOBILIARE EFFEVI,residenzeilmeridiano.it,Register,"€50,00","€15,00",14/04/2022,"€90,00",,,"€0,00",,,"€0,00",,,"€0,00",,,"€30,00","€0,00",,,,,,,,"€170,00","€15,00","€170,00",002,500 Mb,220 Mb,,SLAMP,,
,,Fatturato 2022,IMMOBILIARE EFFEVI,residenzeilparallelo.it,Register,"€50,00","€15,00",01/04/2022,"€90,00",,,"€0,00",,,"€0,00",,,"€0,00",,,"€30,00","€0,00",,,,,,,,"€170,00","€15,00","€170,00",002,500 Mb,170 Mb,,SLAMP,,
,,Fatturato 2022,IRAS,irassrl.it,Altro,"€0,00",,,"€240,00",,,"€0,00",,,"€0,00",,,"€0,00",,,"€30,00","€0,00",,,,,,,,"€270,00","€0,00","€270,00",001,2 Gb,110 Mb,,SLAMP,,
,,Fatturato 2022,ISOLINO,isolino.com,Register,"€50,00","€15,00",02/06/2022,"€340,00",,,"€45,00","€23,05",8880470.      15/04/2022,"€75,00","€45,60",19/06/2022,"€38,00","€18,90",15/04/2022,"€30,00","€0,00",,,,,,,,"€578,00","€102,55","€695,00",-,,,52 Gb / mese,,,Alias campingisolino.de - isolino.it - isolino.com
,,Fatturato 2022,ISOLINO,isolino.it,Register,"€50,00","€15,00",23/03/2022,"€0,00",,,"€0,00",,,"€0,00",,,,,,,"€0,00",,,,,,,,"€50,00","€15,00",,002,4 Gb,"3,8 Gb",,SLAMP,,PROPOSTA DI HOSTING
,,Fatturato 2022,ISOLINO,campingisolino.de,Register,"€50,00","€15,00",18/10/2022,"€0,00",,,"€0,00",,,"€0,00",,,"€0,00",,,,"€0,00",,,,,,,,"€50,00","€15,00",,-,,,,,,
,,Fatturato 2022,ISOLINO,residenceisolino.com,Register,"€35,00","€15,00",16/11/2022,"€216,00",,,"€0,00",,,"€0,00",,,"€0,00",,,"€30,00","€0,00",,,,,,,,"€281,00","€15,00","€501,00",002,2 Gb,"1,6 Gb",,,,
,,Da fatturare,JABSCO,jabsco.it,Altro,,,,,,,,,,,,,,,,,,,,,,,,,"€0,00","€0,00",,002,,300 Mb,,SLAMP,,
,,Fatturato 2022,L'ORIZZONTE DI LORENZO,lorizzontedilorenzo.com,Register,"€50,00","€15,00",15/01/2023,"€140,00","€30,55",22/02/2022,"€19,00",,,"€15,00",,,"€38,00",,,"€30,00","€30,00","€19,80",08/01/2023,,,,,,"€322,00","€65,35","€372,00",CPANEL,512 Mb,50 Mb,,WP,,lorizzontedilorenzo.it
,,Fatturato 2022,L'ORIZZONTE DI LORENZO,lorizzontedilorenzo.it,Register,"€50,00","€15,00",14/10/2022,,,,,"€9,80",8444564.        21/10/2022,,"€9,10",21/10/2022,,"€18,90",21/10/2022,,,,,,,,,,"€50,00","€52,80",,,,,,,,HOSTING LINUX CONDIVISO
,,,G.S. OLYMPO ASD,,,,,,,,,,,,,,,,,,,,,,,,"€49,00",,,"€49,00","€0,00",,,,,,,,
,,Fatturato 2022,LA LODOVICA,lalodovica.it,Register,"€50,00","€15,00",10/09/2022,"€140,00",,,"€19,00","€9,80",8444871.       21/10/2022,"€15,00","€9,10",21/10/2022,"€0,00",,,"€30,00","€0,00",,,,,,,,"€254,00","€33,90","€254,00",002,1 Gb,600 Mb,,SLAMP,,Posta in gestione a Marco Scurati  - OFFICE 365
,,Fatturato 2022,LA ROTONDA,larotonda.org,Altro,"€0,00",,,"€140,00",,,"€0,00",,,"€0,00",,,"€0,00",,,"€30,00","€0,00",,,,,,,,"€170,00","€0,00","€170,00",002,,575 Mb,,,,
,,Fatturato 2022,LA ROTONDA,fiori-occhiello.org,Altro,"€0,00",,,"€140,00",,,"€0,00",,,"€0,00",,,"€0,00",,,"€30,00","€0,00",,,,,,,,"€170,00","€0,00","€170,00",003,,914 Mb,,,,
,,DA VERIFICARE,LA ROTONDA,old.larotonda.otg,Altro,,,,,,,,,,,,,,,,,,,,,,,,,"€0,00","€0,00",,003,,2 Gb,,,,
,,Fatturato 2022,LIDO VILLA OLMO,lidovillaolmo.it,Register,"€50,00","€15,00",02/07/2022,"€140,00",,,"€0,00",,,"€0,00",,,"€0,00",,,"€30,00","€0,00",,,,,,,,"€220,00","€15,00",,001,1 Gb,250 Mb,,SLAMP,,
,,Fatturato 2022,LIDO VILLA OLMO,lidovillaolmo.com,Register,"€50,00","€15,00",15/05/2022,"€0,00",,,"€0,00",,,"€0,00",,,"€0,00",,,"€0,00","€0,00",,,,,,,,"€50,00","€15,00",,,,,,,,
,,DA VERIFICARE,LUCA BERNARDELLI,,,,,,,,,,,,,,,,,,,,"€19,00",28/06/2022,,,,,,"€0,00","€19,00",,,,,,,,
,,Fatturato 2022,LUCA BERNARDELLI,personaldreamer.com,Register,"€40,00","€15,00",01/02/2023,"€144,00",,,"€0,00",,,"€0,00",,,"€0,00",,,"€18,00","€0,00",,,,,,,,"€202,00","€15,00",,001,2 Gb,"2,6 Gb",,SLAMP,,Alias personaldreamer.it
,,Fatturato 2022,LUCA BERNARDELLI,personaldreamer.it,Register,"€40,00","€15,00",12/01/2023,"€0,00",,,"€0,00",,,"€0,00",,,"€0,00",,,"€0,00","€0,00",,,,,,,,"€40,00","€15,00",,,,,,,,SCONTO FATTURA DOMINIO | PROPOSTA DI HOSTING
,,Fatturato 2022,LUCA BERNARDELLI,chachacharts.com,Register,"€40,00","€15,00",17/06/2022,"€54,00",,,"€0,00",,,"€0,00",,,"€0,00",,,"€18,00","€0,00",,,,,,,,"€112,00","€15,00",,001,500 Mb,590 Mb,,SLAMP,,
,,,GINO ROMANELLI di Romanelli Giuseppe,,,,,,,,,,,,,,,,,,,,,,,,,"€1,00",,"€1,00","€0,00",,,,,,,,
,,,Gruppo Scout Agesci Treviso 6,,,,,,,,,,,,,,,,,,,,,,,,"€49,00",,,"€49,00","€0,00",,,,,,,,
,,Fatturato 2022,LUCA BERNARDELLI,ladolcevitainteriore.it,Register,"€40,00","€15,00",08/04/2022,"€54,00",,,"€0,00",,,"€0,00",,,"€0,00",,,"€18,00","€0,00",,,,,,,,"€112,00","€15,00",,HOS REGISTER,500 Mb,,,WP,,SPOSTARE SU 003
,,Fatturato 2022,LUCA BERNARDELLI,lucabernardelli.com,Register,"€40,00","€15,00",14/04/2022,"€0,00",,,"€0,00",,,"€0,00",,,"€0,00",,,"€18,00","€0,00",,,,,,,,"€58,00","€15,00",,- ,,,,,,
,,DA VERIFICARE,LUCA BERNARDELLI,relaxity-vr.com,Register,"€50,00","€15,00",26/03/2022,,,,,,,,,,,,,,,,,,,,,,"€50,00","€15,00",,?,,,,,,
,,DA VERIFICARE,LUCA BERNARDELLI,ideative.it,Register,,"€15,00",30/03/2022,,,,,"€14,65",8437388.       17/10/2022,,,,,,,,,,,,,,,,"€0,00","€29,65",,-,,,,,,
,,,ICELAB SSD SRL,,,,,,,,,,,,,,,,,,,,,,,,"€49,00",,,"€49,00","€0,00",,,,,,,,
,,Fatturato 2022,LUIGI GIOVANNI MENEGAZZOLI,,Register,"€0,00",,,"€0,00",,,"€29,00",,,"€0,00",,,"€0,00",,,"€0,00","€0,00",,,,,,,,"€29,00","€0,00",,,,,,,,Solo posta
,,Fatturato 2022,M&GF Project,www.mgfproject.com,Altro,"€0,00",,,"€140,00",,,"€0,00",,,"€0,00",,,"€0,00",,,"€30,00","€0,00",,,,,,,,"€170,00","€0,00","€170,00",001,1 Gb,330 Mb,,SLAMP,,
,,Da fatturare,M+W  ITALY Srl,mwitaly.net,,"€100,00","€15,00",18/06/2022,"€240,00",,,"€0,00",,,,,,,,,"€30,00",,,,,,,,,"€370,00","€15,00",,,,,,,,domini mw-zanderitalia.it - mwitaly.net
,,Da fatturare,MATTEO PASSONI,booknowtravel.it,Register,"€50,00","€6,90",19/10/2022,"€540,00",,,"€9,00","€13,45",13369956.        22/12/2022,"€0,00",,,"€0,00",,,"€30,00","€0,00",,,,,,,"€4,75","€629,00","€25,10","€679,00",002,512 Mb,175 Mb,,SLAMP,,
,,Da fatturare,MATTEO PASSONI,booknow-travel.it,Register,"€50,00","€6,90",16/11/2022,"€0,00",,,"€0,00",,,"€0,00",,,"€0,00",,,"€0,00","€0,00",,,,,,,,"€50,00","€6,90",,,,,,,,
,,,Kosmos Volley,,,,,,,,,,,,,,,,,,,,,,,,"€49,00",,,"€49,00","€0,00",,,,,,,,
,,Fatturato 2022,MBT PARTNERS,mbtpartners.com,Register,"€50,00","€15,00",06/01/2023,"€90,00",,,"€45,00","€69,85","11/03/2022
8444627.       21/10/2022","€15,00","€9,10",21/10/2022,"€38,00","€18,90",21/10/2022,"€0,00","€70,00",,,,,,,,"€308,00","€112,85","€308,00",002,512 Mb,20 Mb,,HTML,,
,,Fatturato 2022,MEDENT,laboratoriomedent.it,Register,"€50,00","€15,00",24/04/2022,"€140,00",,,"€0,00",,,"€0,00",,,"€0,00",,,"€0,00","€0,00",,,,,,,,"€190,00","€15,00","€190,00",004,,55 Mb,,SLAMP,,Manca codice SDI
,,,LUPINO VOLLEY ASD,,,,,,,,,,,,,,,,,,,,,,,,"€49,00",,,"€49,00","€0,00",,,,,,,,
,,Da fatturare,MEDIAWIDE Srl,mediawide.it,Register,"€50,00","€15,00",07/12/2022,"€0,00",,,"€19,00","€9,80",17283921.   12/2/2023,"€15,00","€9,10",01/05/2022,"€38,00","€18,90",01/05/2022,"€0,00","€0,00",,,,,,,,"€122,00","€52,80","€270,00",HOS REGISTER,-,,,,,
,,Fatturato 2022,MEDICINA ESSERE,medicinaessere.it,Register,"€50,00","€15,00",25/10/2022,"€140,00",,,"€0,00",,,"€0,00",,,"€0,00",,,"€30,00","€0,00",,,,,,,,"€220,00","€15,00","€220,00",002,1 Gb,275 Mb,,SLAMP,,
,,Da fatturare,MSOLUTIONS di Scurati Marco,prdcert.com,Register,"€50,00",,,"€140,00",,,"€0,00",,,"€0,00",,,"€0,00",,,"€190,00","€0,00",,,,,,,,"€380,00","€0,00","€380,00",002,1 Gb,,,SLAMP,,
,,Da fatturare,MSOLUTIONS di Scurati Marco,emmesolutions.it,Altro,,,,,,,,,,,,,,,,,,,,,,,,,"€0,00","€0,00",,,,,,WP,,Controllare Hosting
,,Fatturato 2022,NICOLETTA NEGRI,antiginnasticamilano.it,Register,"€50,00",,,"€240,00",,,"€0,00",,,"€0,00",,,"€0,00",,,"€0,00","€0,00",,,,,,,,"€290,00","€0,00",,,,,,,,
,,Fatturato 2022,NICOLETTA NEGRI,nicolettanegri.it,Register,"€50,00","€15,00",16/09/2022,"€0,00",,,"€0,00",,,"€0,00",,,"€0,00",,,"€0,00","€0,00",,,,,,,,"€50,00","€15,00","€248,00",003,,280 Mb,,,,
,,DA VERIFICARE,nonprofitmartesana.it,nonprofitmartesana.it,Register,,"€15,00",24/04/2022,,,,,"€9,80",8444806.       21/10/2022,,,,,,,,,,,,,,,,"€0,00","€24,80",,,,,,,,
,,Da fatturare,ONDEAL S.R.L.,,,,,,,,,,,,,,,,,,,,,,,,,,,"€0,00","€0,00",,,,,,,,
,,Da fatturare,ONE CLICK,4deal.shop,Register,"€50,00","€49,05",27/11/2022,,,,,,,,,,,,,,,,,,,,,,"€50,00","€49,05",,,,,,,,dominio - 4deal.shop
,,Da fatturare,ONE CLICK,akaielectronics.it,Register,"€50,00","€15,00",24/03/2022,"€468,00","€33,10",25/02/2022,,"€33,10",13874181.      12/04/2022,,,,,,,,,,,,,,,"€14,25","€518,00","€95,45",,002,,170 Mb,,,,dominio - akaielectronics.itakaielectronics.it
,,,New Volley Adda,,,,,,,,,,,,,,,,,,,,,,,,"€49,00",,,"€49,00","€0,00","€49,00",,,,,,,
,,Fatturato 2022,ORDINE DEGLI INGEGNERI MB,ordineingegneri.mb.it,Register,"€0,00",,,"€240,00",,,"€45,00","€23,05",8460347.       28/10/2022,"€0,00",,,"€38,00","€18,90",28/10/2022,"€30,00","€0,00",,,,,,,,"€353,00","€41,95","€590,00",004,,"1,8 Gb",,SLAMP,,
,,Fatturato 2022,ORDINE DEGLI INGEGNERI MB,ordineingegneri.monzaebrianza.it,Register,"€50,00","€15,00",24/11/2022,,,,"€0,00",,,"€0,00",,,"€0,00",,,"€0,00","€0,00",,,,,,,,"€50,00","€15,00",,,,,,,,
,,Da fatturare,ORTOPEDIA BELLUSCO,ortopediabellusco.it,Register,"€50,00","€6,90",18/03/2022,,,,,,,,,,,,,,,,,,,,,,"€50,00","€6,90",,001,?,125 Mb,,,,
,,Da fatturare,OSTERIA LA CARBONELLA - IL RISTORATORE Srl,lacarbonella.it,Register,"€150,00","€15,00",25/11/2022,"€140,00",,,"€0,00",,,"€0,00",,,"€0,00",,,"€0,00","€0,00",,,,,,,,"€290,00","€15,00","€290,00",HOS REGISTER,,,,WP,,
,,Da fatturare,OSTERIA LA CARBONELLA - IL RISTORATORE Srl,osterialacarbonella.it,Register,,"€15,00",26/06/2022,,,,,,,,,,,,,,,,,,,,,,"€0,00","€15,00",,,,,,,,
,,Da fatturare,OSTERIA LA CARBONELLA - IL RISTORATORE Srl,ristorantelacarbonella1978.it,Register,"€50,00","€15,00",05/03/2022,,,,,,,,,,,,,,,,,,,,,,"€50,00","€15,00",,,,,,,,redirect lacarbonella.it
,,Fatturato 2022,PANNELLI LIMONTA,pannellilimonta.com ,Register,"€50,00","€15,00",22/06/2022,"€140,00",,,"€19,00","€9,80",10/03/2022,"€15,00","€9,10",19/02/2022,"€38,00","€18,90",19/02/2022,"€30,00","€0,00",,,,,,,,"€292,00","€52,80","€342,00",,1 Gb,340 Mb,,SLAMP,,
,,Fatturato 2022,PANNELLI LIMONTA,pannellilimonta.it,Register,"€50,00","€15,00",24/04/2022,"€0,00",,,"€0,00",,,"€0,00",,,"€0,00",,,"€0,00","€0,00",,,,,,,,"€50,00","€15,00",,001,1 Gb,,,,,
,,Fatturato 2022,PAOLO FUMAGALLI,paolofumagalli.me,Register,"€50,00","€15,00",24/11/2022,"€90,00",,,"€0,00","€21,11",,"€0,00",,,"€0,00",,,"€30,00","€0,00",,,,,,,,"€170,00","€36,11","€170,00",002,500 Mb,160 Mb,,SLAMP,,
,,Fatturato 2022,PEREGO - VIEMME,viemme.com,Register,"€50,00","€15,00",13/05/2022,"€90,00","30,55 + 30,55",29/07/2022,"€0,00",,,"€0,00",,,"€0,00",,,"€30,00","€0,00",,,,,,,,"€170,00","€15,00","€170,00",HOS REGISTER,,,,WP,,
,,DA VERIFICARE,PHOTOSMILESHOP,photosmileshop.com,Altro,,,,,,,,,,,,,,,,,,,,,,,,,"€0,00","€0,00",,003,,"1,3 Gb",,WP,,
,,Fatturato 2022,PUBLYTEAM,publyteam.it,Register,"€50,00","€15,00",24/12/2022,"€140,00",,,"€95,00","€82,55",11479605   07/01/2023,"€15,00","€9,10",07/01/2023,"€38,00","€18,90",07/01/2023,"€30,00","€0,00",,,,,,,,"€368,00","€125,55",modificati i servizi,002,1 Gb,370 Mb,,SLAMP,,
,,,OTTICA LEONARDI di Leonardi Giuseppe,,,,,,,,,,,,,,,,,,,,,,,,,"€1,00",,"€1,00","€0,00",,,,,,,,
,,,OTTICA SORCE DI SORCE CALOGERO,,,,,,,,,,,,,,,,,,,,,,,,,"€1,00",,"€1,00","€0,00",,,,,,,,
,,,OTTICA VETTORE di Fabrizio Vettore & C. S.a.S.,,,,,,,,,,,,,,,,,,,,,,,,,"€1,00",,"€1,00","€0,00",,,,,,,,
,,Fatturato 2022,PUNTOCASA NETWORK,puntocasa.net,Altro,"€0,00",,,"€240,00",,,"€0,00",,,"€0,00",,,"€0,00",,,"€30,00","€0,00",,,,,,,,"€270,00","€0,00","€270,00",001,1 Gb,"13,7 Gb",,SLAMP,,PROPOSTA HOSTING
,,Fatturato 2022,PUNTOCASA SIPIM,residenzegiotto.it,Register,"€50,00","€6,90",19/10/2022,"€140,00",,,"€0,00","€13,45",12873403.       20/10/2022,"€0,00",,,"€0,00",,,"€30,00","€0,00",,,,,,,"€4,75","€220,00","€25,10","€299,00",002,1 Gb,170 Mb,,SLAMP,,
,,Fatturato 2022,PUNTOCASA SIPIM,residenzegiotto.com,Register,"€50,00","€9,90",19/10/2022,"€0,00",,,"€0,00",,,"€0,00",,,"€0,00",,,"€0,00","€0,00",,,,,,,,"€50,00","€9,90",,,,,,,,
,,Fatturato 2022,PUNTOCASA SIPIM,igiardinidileonardo.it,Register,"€50,00","€15,00",01/11/2022,"€140,00",,,"€0,00",,,"€0,00",,,"€0,00",,,"€30,00","€0,00",,,,,,,,"€220,00","€15,00","€270,00",002,1 Gb,270 Gb,,SLAMP,,
,,,PUNTO DI VISTA DI MARINO GIUSEPPE,,,,,,,,,,,,,,,,,,,,,,,,,"€1,00",,"€1,00","€0,00",,,,,,,,
,,Fatturato 2022,PUNTOCASA SIPIM,igiardinileonardo.it,Register,"€50,00","€15,00",10/11/2022,"€0,00",,,"€0,00",,,"€0,00",,,"€0,00",,,"€0,00","€0,00",,,,,,,,"€50,00","€15,00",,,,,,,,
,,Fatturato 2022,PUNTOCASA SIPIM,borgocamuzzago.it,Register,"€50,00","€15,00",08/06/2022,"€90,00",,,"€0,00",,,"€0,00",,,"€0,00",,,"€0,00","€0,00",,,,,,,,"€140,00","€15,00","€140,00",,,,,,,
,,Fatturato 2022,RABUFFI,rabuffi.it,Altro,"€0,00",,,"€140,00",,,"€0,00",,,"€0,00",,,"€0,00",,,"€30,00","€0,00",,,,,,,,"€170,00","€0,00","€170,00",002,1 Gb,225 Mb,,SLAMP,,
,,Fatturato 2022,REBOSIO ANDREA,figurinemania.it,Register,"€50,00","€15,00",21/05/2022,"€140,00",,,"€19,00","€9,80",9297374.        15/09/2022,"€0,00",,,"€0,00",,,"€30,00","€0,00",,,,,,,,"€239,00","€24,80","€209,00",001,,500 Mb,,SLAMP,,
,,Fatturato 2022,RECLAME,reclametotale.com,Register,"€50,00","€15,00",12/09/2022,"€140,00",,,"€45,00","€23,05",8444877.        21/10/2022,"€15,00","€9,10",21/10/2022,"€38,00","€18,90",21/10/2022,"€30,00","€0,00",,,,,,,,"€318,00","€66,05","€318,00",001,1 Gb,410 Mb,,SLAMP,,
,,Fatturato 2022,RED,red.softwares.system,Altro,"€0,00",,,"€240,00",,,"€0,00",,,"€0,00",,,"€0,00",,,"€30,00","€0,00",,,,,,,,"€270,00","€0,00","€270,00",002,,263 Mb,,SLAMP,,
,,Da fatturare,RETECH LIFE COOP. SOC. ONLUS,retechlife.com,Register,"€50,00","€15,00",28/02/2022,"€90,00","€30,55",19/04/2022,"€45,00","€23,05",8181852.        26/06/2022,"€15,00","€9,10",26/06/2022,"€38,00","€18,90",26/06/2022,"€0,00","€150,00",,,,,,,,"€388,00","€96,60","€134.565,60",JENNA,,,,,,
,,Da fatturare,RETECH LIFE COOP. SOC. ONLUS,retechlife.it,Register,"€50,00","€15,00",04/05/2022,,,,,,,,,,,,,,,,,,,,,,"€50,00","€15,00","€0,00",,,,,,,
,,DA VERIFICARE,residenze-terraviva-oreno.it,residenze-terraviva-oreno.it,Register,,"€15,00",07/04/2022,,,,,,,,,,,,,,,,,,,,,,"€0,00","€15,00",,001,,100 Mb,,,,
,,Fatturato 2022,RIMAGGIO,villacasiraghi.it,Register,"€40,00","€15,00",31/01/2023,"€112,00",,,"€0,00",,,"€0,00",,,"€0,00",,,"€24,00","€0,00",,,,,,,,"€176,00","€15,00",,002,1 Gb,116 Mb,,SLAMP,,
,,Fatturato 2022,RIVA RESTAURI,rivarestauri.it,Register,"€50,00","€15,00",28/06/2022,"€90,00",,,"€0,00",,,"€0,00",,,"€0,00",,,"€30,00","€59,00","€19,80",6144572.        08/11/2022,,,,,,"€229,00","€34,80","€321,00",004,,"2,1 Gb",,SLAMP,,
,,Fatturato 2022,RIVA RESTAURI,rivarestauri.com,Register,"€50,00","€15,00",19/08/2022,,,,"€19,00","€9,80",8456098.       25/10/2022,"€15,00","€9,10",25/10/2022,"€38,00","€18,90",25/10/2022,"€0,00",,,,,,,,,"€122,00","€52,80",,,,,,,,PROPOSTA HOSTING
,,Fatturato 2022,SAEMA IMPIANTI,saemaimpianti.it,Register,"€50,00","€15,00",24/03/2022,"€90,00",,,"€25,00","€15,65",05/07/2022,"€15,00","€9,10",05/07/2022,"€0,00",,,"€30,00","€0,00",,,,,,,,"€210,00","€39,75","€180,00",002,500 Mb,70 Mb,,SLAMP,,
,,Da fatturare,SAGOMA,2nove9.com,Altro,,,,,,,,,,,,,,,,,,,,,,,,,"€0,00","€0,00","€170,00",001,,,,,,dominio secondario 2nove9.it 
,,Da fatturare,SAGOMA,tematrade.eu,Altro,,,,,,,,,,,,,,,,,,,,,,,,,"€0,00","€0,00",,002,,190 Mb,,,,
,,Fatturato 2022,SAMA,sama.it,Register,"€50,00","€15,00",29/07/2022,"€240,00",,,"€0,00",,,"€0,00",,,"€0,00",,,"€30,00","€0,00",,,,,,,,"€320,00","€15,00","€335,00",001,2 Gb,900 Mb,,SLAMP,,Posta in gestione a Marco Scurati - OFFICE 365 - PROPOSTA HOSTING
,,Da fatturare,SARTI FABIANO,,Register,,,,,,,,,,,,,,,,,,,,,,,,,"€0,00","€0,00",,,,,,,,
,,Da fatturare,SB3 Srl,sb3.it,Register,"€50,00","€15,00",25/01/2023,"€90,00",,,"€45,00","€23,05",8293357.        23/08/2022,"€15,00","€9,10",23/08/2022,"€0,00",,,"€30,00","€0,00",,,,,,,,"€230,00","€47,15","€200,00",,,,,,,Sito di Ping Pong Stars
,,Fatturato 2022,SHARKS MONZA,sharkmonza.it,Register,"€50,00","€15,00",09/07/2022,"€140,00",,,"€0,00",,,"€0,00",,,"€0,00",,,"€30,00","€0,00",,,,,,,,"€220,00","€15,00",,003,1 Gb,800 Mb,,WP,,
,,Da fatturare,SI PUO' FARE SAS DI CRISTINA BONFANTI,badanteh24.it,Register,"€50,00","€15,00",,"€240,00",,,"€0,00",,,"€0,00",,,"€0,00",,,"€30,00","€0,00",,,,,,,,"€320,00","€15,00",,002,2 Gb,,,SLAMP,,
,,Da fatturare,SILVIA BOCCIARELLI,,Register,"€0,00",,,"€0,00",,,"€29,00",,,"€0,00",,,"€0,00",,,"€0,00","€0,00",,,,,,,,"€29,00","€0,00",,,,,,,,Solo posta
,,Da fatturare,SIMAM,benessereedormire.it,Register,"€50,00","€15,00",11/02/2023,"€90,00",,,"€0,00",,,"€0,00",,,"€0,00",,,"€0,00","€0,00",,,,,,,,"€140,00","€15,00",,001,500 Mb,120 Mb,,SLAMP,,Da verificare
,,Da fatturare,SIMAM,benessereedormire.com,Register,"€50,00","€15,00",11/02/2023,"€0,00",,,"€0,00",,,"€0,00",,,"€0,00",,,"€0,00","€0,00",,,,,,,,"€50,00","€15,00",,,,,,,,
,,Fatturato 2022,SISTAR ASTREA,sistarastrea.it,Register,"€50,00","€15,00",24/09/2022,"€90,00",,,"€45,00","€23,05",8460317.        28/10/2022,"€15,00","€9,10",28/10/2022,"€38,00","€18,90",28/10/2022,"€30,00","€0,00",,,,,,,,"€268,00","€66,05",,001,500 Mb,430 Mb,,SLAMP,,
,,Fatturato 2022,SLOWORKING,sloworking.it,Register,"€50,00","€15,00",04/11/2022,"€140,00",,,"€79,00","€23,40",10453929.     30/04/2022,"€15,00","€9,10",17/10/2022,"€0,00",,,"€30,00","€0,00",,,,,,,,"€314,00","€47,50","€284,00",003,1 Gb,315 Mb,,WP,,PROPOSTA HOSTING
,,Da fatturare,SORINI & MIGLIAVACCA Spa,sorini-e-migliavacca.com,Register,"€50,00","€15,00",,"€240,00",,,"€95,00","€180,00",15116522.        09/11/2022,"€0,00",,,"€0,00",,,"€30,00","€0,00",,,,,,,"€66,50","€415,00","€261,50","€415,00",001,2 Gb,85 Mb,,SLAMP,,
,,,SOI INVERUNO - MINIVOLLEY,,,,,,,,,,,,,,,,,,,,,,,,"€10,00",,,"€10,00","€0,00",,,,,,,,
,,Fatturato 2022,SPECIAL IND,specialind.com,Register,"€50,00","€15,00",08/05/2022,"€240,00",,,"€0,00","€47,00",5707430.      29/05/2022,"€0,00",,,"€0,00",,,"€30,00","€95,00",,,"€132,00","€86,00",,,,"€547,00","€148,00",,-,,,,,,aliasi di specialind.it
,,DA VERIFICARE,SPECIAL IND,specialind.it,,,,,,,,,,,,,,,,,,,,,,,,,,"€0,00","€0,00",,001,2 Gb,530 Mb,,SLAMP,,
,,Fatturato 2022,SPECIAL IND,specialind.es,Register,"€50,00","€20,10",04/06/2022,"€0,00",,,"€0,00",,,"€0,00",,,"€0,00",,,"€0,00","€0,00",,,,,,,,"€50,00","€20,10",,,,,,SLAMP,,
,,Fatturato 2022,SPECIAL IND,specialind.eu,Register,"€50,00","€1,00",03/02/2023,"€0,00",,,"€0,00",,,"€0,00",,,"€0,00",,,"€0,00","€0,00",,,,,,,,"€50,00","€1,00",,-,,,,,,
,,Fatturato 2022,SPECIAL IND,specialind.fr,Register,"€115,00","€39,00",04/01/2022,"€140,00",,,"€0,00",,,"€0,00",,,"€0,00",,,"€30,00","€0,00",,,,,,,,"€285,00","€39,00",,001,1 Gb,360 Mb,,SLAMP,,
,,Fatturato 2022,SPECIAL IND,special-ind.de,Register,"€50,00","€9,90",08/03/2022,"€140,00",,,"€0,00",,,"€0,00",,,"€0,00",,,"€30,00","€0,00",,,"€132,00","€86,00",,,,"€352,00","€95,90",,001,1 Gb,180 Mb,,SLAMP,,
,,Da fatturare,STUCCHI & CO. SRL,likebike.it,Register,"€50,00","€15,00",14/02/2023,"€140,00",,,"€0,00",,,"€0,00",,,"€0,00",,,"€30,00","€0,00",,,,,,,,"€220,00","€15,00",,002,1 Gb,150 Mb,,SLAMP,,
,,Da fatturare,STUDIO DENTISTICO DOTTORI MANGIAVACCA,studiomangiavacca.com,Register,"€50,00","€15,00",02/02/2023,"€90,00",,,"€19,00","€9,80",9279314.        10/09/2022,"€0,00",,,"€38,00","€18,90",17/06/2022,"€30,00","€0,00",,,,,,,,"€227,00","€43,70",,001,500 Mb,127 Mb,,SLAMP,,
,,Da fatturare,STUDIO DENTISTICO DOTTORI MANGIAVACCA,studiomangiavacca.it,Register,"€50,00","€15,00",22/01/2023,"€0,00",,,"€0,00",,,"€0,00",,,"€0,00",,,"€0,00","€0,00",,,,,,,,"€50,00","€15,00",,,,,,,,
,,Fatturato 2022,SVILUPPO E INTEGRAZIONE,sviluppoeintegrazione.it,Register,"€50,00","€15,00",23/06/2022,"€140,00","€30,55",01/06/2022,"€277,00","€220,95","15584764       31/01/2023
8737697       19/02/2022
13748182       10/03/2022
13748182       10/03/2022
14001424       05/05/2022
18941209.       10/11/2022
19149297.        27/11/2022
8460384.         28/10/2022
9492219.        29/10/2022","€15,00","€9,10",28/10/2022,"€38,00","€18,90",28/10/2022,"€30,00","€390,00","€47,00",6141097.        08/11/2022,,,,,"€4,75","€940,00","€346,25","€921,00",JENNA,1 Gb,,,SLAMP,,ALTRO HOSTING - da verificare per fattura
,,Da fatturare,TASSINI Sas,lecustodie.eu,Register,"€50,00","€15,00",03/05/2022,"€90,00",,,"€19,00","€9,80",8444584.       21/10/2022,"€15,00","€9,10",21/10/2022,"€38,00","€18,90",21/10/2022,"€0,00","€0,00",,,,,,,,"€212,00","€52,80",,HOS REGISTER,-,,,,,HTML
,,Da fatturare,TECNUTENSIL Srl Unipersonale,tecnutensil.it,Register,"€50,00","€15,00",27/01/2023,"€90,00","€58,30",,"€120,00","€66,25","8376143.       20/09/2022
8375263.        20/09/2022","€15,00","€9,10",20/09/2022,"€38,00","€18,90",20/09/2022,"€30,00","€0,00",,,,,,,,"€343,00","€167,55",,001,500 Mb,200 Mb,,SLAMP,,
,,Fatturato 2022,TERME PREMIA,premiaterme.com,Register,"€50,00","€15,00",20/08/2022,"€340,00",,,"€45,00","€23,05",9046708.       17/06/2022,"€15,00","€9,10",17/06/2022,"€38,00","€18,90",28/06/2022,"€30,00","€0,00",,,,,,,,"€518,00","€66,05","€568,00",002,4 Gb,6 Gb,,SLAMP,,PROPOSTA HOSTING
,,Fatturato 2022,TERME PREMIA,termepremia.it,Register,"€50,00","€15,00",08/04/2022,"€0,00",,,"€0,00",,,"€0,00",,,"€0,00",,,"€0,00","€0,00",,,,,,,,"€50,00","€15,00",,,,,,,,
,,Fatturato 2022,TIRADIX,www.tiradix.it,Register,"€50,00","€15,00",10/11/2022,"€90,00",,,"€25,00","€14,65",8456282.       25/10/2022,"€15,00","€9,10",25/10/2022,"€38,00","€18,90",25/10/2022,"€0,00","€0,00",,,,,,,,"€218,00","€57,65","€268,00",003,,,,WP,,
,,Fatturato 2022,TIRADIX,www.tiradix.com,Register,"€50,00","€15,00",01/06/2022,"€0,00",,,"€0,00",,,"€0,00",,,"€0,00",,,"€0,00","€0,00",,,,,,,,"€50,00","€15,00",,HOS REGISTER,,,,,,
,,Fatturato 2022,TORRI NEL BOSCO,letorrinelbosco.it,Register,"€50,00","€15,00",03/10/2022,"€90,00",,,"€0,00",,,"€0,00",,,"€0,00",,,"€30,00","€0,00",,,,,,,,"€170,00","€15,00","€170,00",2,,170 Mb,,,,
,,Da fatturare,TRANSATLANTIC ADVISORY,transatlantic-advisory.it,Altro,"€0,00",,,,,,"€0,00",,,"€0,00",,,"€0,00",,,"€30,00","€0,00",,,,,,,,"€30,00","€0,00",,003,,250 Mb,,WP,,
,,Da fatturare,TRANSATLANTIC ADVISORY,transatlantic-advisory.com,Altro,,,,,,,,,,,,,,,,,,,,,,,,,"€0,00","€0,00",,,,,,,,
,,Da fatturare,TRÉDUNION,trédunion.com,Siteground,"€0,00",,,,,,"€0,00",,,"€0,00",,,"€0,00",,,"€0,00","€0,00",,,"€132,00","€86,00",,,,"€132,00","€86,00",,,,,,,,
,,Da fatturare,UBH REAL ESTATE Srl,ubhre.it,Register,"€50,00","€15,00",23/11/2022,"€140,00",,,"€0,00",,,"€0,00",,,"€0,00",,,"€30,00","€0,00",,,,,,,,"€220,00","€15,00","€270,00",002,1 Gb,"3,4 Gb",,SLAMP,,Posta in gestione a Marco Scurati  - OFFICE 365 - PROPOSTA DI HOSTING
,,Da fatturare,UBH REAL ESTATE Srl,club-bfly.it,Register,"€0,00",,,"€0,00",,,"€0,00",,,"€0,00",,,"€0,00",,,"€0,00","€0,00",,,,,,,,"€0,00","€0,00",,,,,,,,Non è più presente
,,Fatturato 2022,VERDE PROFILO,verdeprofilo.com,Altro,"€0,00",,,"€240,00",,,"€0,00",,,"€0,00",,,"€0,00",,,"€30,00","€0,00",,,,,,,,"€270,00","€0,00",,001,2 Gb,"1,8 Gb",,SLAMP,,PROPOSTA DI HOSTING
,,Fatturato 2022,VERDE PROFILO,,Altro,"€0,00",,,"€240,00",,,"€0,00",,,"€0,00",,,"€0,00",,,"€30,00","€0,00",,,,,,,,"€270,00","€0,00",,HOS REGISTER,,,,WP,,
,,,UniBA ASD,,,,,,,,,,,,,,,,,,,,,,,,"€10,00",,,"€10,00","€0,00",,,,,,,,
,,,Usd Acli Mantovani Volley Ancona,,,,,,,,,,,,,,,,,,,,,,,,"€49,00",,,"€49,00","€0,00",,,,,,,,
,,,Uyba Volley SSDRL,,,,,,,,,,,,,,,,,,,,,,,,"€49,00",,,"€49,00","€0,00",,,,,,,,
,,Fatturato 2022,VIDEOCINE 2000 Srl,videocine2000.it,Register,"€50,00","€15,00",19/10/2022,"€140,00",,,"€45,00","€23,05",4883757.        21/10/2022,"€15,00","€9,10",21/10/2022,"€38,00","€18,90",21/10/2022,"€30,00","€0,00",,,,,,,,"€318,00","€66,05",,001,1 Gb,335 Mb,,SLAMP,,
,,Fatturato 2022,VILLA TAPPEZZIERI,villatappezzieri.com,Register,"€50,00","€15,00",18/12/2022,"€90,00",,,"€19,00","€9,80",03/02/2023,"€15,00","€9,10",20/05/2022,"€38,00","€18,90",03/02/2023,"€30,00","€0,00",,,,,,,,"€242,00","€52,80","€292,00",002,500 Mb,300 Mb,,SLAMP,,
,,Fatturato 2022,VILLA TAPPEZZIERI,villasnc.it,Register,"€50,00","€15,00",19/02/2023,"€0,00",,,"€19,00","€9,80",8477281.        04/11/2022,"€15,00","€9,10",04/11/2022,"€38,00","€18,90",04/11/2022,"€0,00","€0,00",,,,,,,,"€122,00","€52,80",,,,,,,,
,,DA VERIFICARE,PURR & GROWL di SARAH OTTONI,purrgrowl.it,Register,,"€15,00",12/05/2022,,"€30,55",16/06/2022,,,,,,,,,,,,,,,,,,,"€0,00","€45,55",,-,-,-,,-,,
,,DA VERIFICARE,PURR & GROWL di SARAH OTTONI,purrgrowl.com,Register,,"€15,00",02/10/2022,,,,,,,,,,,,,,,,,,,,,,"€0,00","€15,00",,,,,,,,
,,Fatturato 2022,VILLA TEODORO,villateodoro.it,Register,"€50,00","€15,00",12/09/2022,"€90,00",,,"€0,00",,,"€0,00",,,"€0,00",,,"€30,00","€0,00",,,,,,,,"€170,00","€15,00",,002,,90 Mb,,SLAMP,,
,,Fatturato 2022,VIRGILIOLEX,virgiliolex.it,Register,"€50,00","€15,00",19/02/2022,"€140,00","€10,50",19/02/2022,"€45,00","€34,60","14003545         05/05/2022
14003542         05/05/2022","€15,00","€9,10",19/02/2022,"€38,00","€18,90",13/01/2023,"€30,00","€0,00",,,,,,,"€9,50","€318,00","€97,60","€318,00",001,1 Gb,150 Mb,,SLAMP,,
,,Fatturato 2022,WHY NOT,biscotteriavimercate.it,Register,"€50,00","€6,90",25/01/2023,"€90,00",,,"€19,00","€27,10","01/02/2023
01/12/2022","€0,00",,,"€0,00",,,"€30,00","€0,00",,,,,,,,"€189,00","€34,00",,001,500 Mb,25 Mb,,,,HTML
,,Fatturato 2022,XONOX,xonox.it,Register,"€50,00","€15,00",27/09/2022,"€140,00","€30,55",16/10/2022,"€133,00","€38,75","10618732.         09/06/2022
8385431           25/09/2022","€15,00","€9,10",25/09/2022,"€0,00",,,"€30,00","€0,00",,,,,,,"€4,75","€368,00","€98,15",,,,,,,,Solo posta - In gestione a Marco Scurati  - OFFICE 365
,,Fatturato 2022,ZAFFI,zaffi.it,Register,"€50,00","€15,00",02/11/2022,"€240,00",,,"€0,00",,,"€0,00",,,"€0,00",,,"€30,00","€0,00",,,,,,,,"€320,00","€15,00","€320,00",-,,,,WP,,
,,Fatturato 2022,ZAFFI,zaffy.it,Register,"€50,00",,,"€0,00","€30,55",11/10/2022,"€0,00",,,"€0,00",,,"€0,00",,,"€0,00","€0,00",,,,,,,,"€50,00","€30,55","€50,00",Cpanel,,,,WP,,
,,Fatturato 2022,ZAFFI,shop.zaffy.it,Register,"€0,00",,,"€0,00",,,"€0,00",,,"€0,00",,,"€0,00",,,"€0,00","€0,00",,,,,,,,"€0,00","€0,00","€0,00",003,,342 Mb,,WP,,
,,,Volley 36 Plus ASD,,,,,,,,,,,,,,,,,,,,,,,,"€10,00",,,"€10,00","€0,00",,,,,,,,
,,DA VERIFICARE,ZUCCHE IN PIAZZA,zuccheinpiazza.it,Register,,"€15,00",09/04/2022,,"€30,55",29/07/2022,,,,,,,,,,,,,,,,,,,"€0,00","€45,55",,,,,,,,
,,DA VERIFICARE,GALVO,galvogestioni.it,Register,,"€15,00",29/07/2022,,,,,"€9,80",8444737.       21/10/2022,,"€9,10",21/10/2022,,"€18,90",21/10/2022,,,,,,,,,,"€0,00","€52,80",,,,,,,,
,,DA VERIFICARE,CICLOVIA LEALE,ciclovialeale.eu,Register,,"€15,00",27/08/2022,,,,,,,,,,,,,,,,,,,,,,"€0,00","€15,00",,,,,,,,
,,DA VERIFICARE,CICLOVIA LEALE,ciclovialeale.it,Register,,"€6,90",27/08/2022,,,,,,,,,,,,,,,,,,,,,,"€0,00","€6,90",,002,,670 Mb,,,,
,,DA VERIFICARE,CICLOVIA LEALE,ciclovialeale.com,Register,,"€9,90",27/08/2022,,,,,,,,,,,,,,,,,,,,,,"€0,00","€9,90",,,,,,,,
,,DA VERIFICARE,,augmented-relaxation.com,Register,,"€15,00",31/08/2022,,,,,,,,,,,,,,,,,,,,,,"€0,00","€15,00",,,,,,,,
,,DA VERIFICARE,,augmented-sonorization.com,Register,,"€15,00",31/08/2022,,,,,,,,,,,,,,,,,,,,,,"€0,00","€15,00",,,,,,,,
,,DA VERIFICARE,,sonorizzazione-aumentata.it,Register,,"€15,00",31/08/2022,,,,,,,,,,,,,,,,,,,,,,"€0,00","€15,00",,,,,,,,
,,DA VERIFICARE,,rilassamento-aumentato.it,Register,,"€15,00",31/08/2022,,,,,,,,,,,,,,,,,,,,,,"€0,00","€15,00",,,,,,,,
,,DA VERIFICARE,,augmented-hypnosis.com,Register,,"€15,00",31/08/2022,,,,,,,,,,,,,,,,,,,,,,"€0,00","€15,00",,,,,,,,
,,DA VERIFICARE,,ipnosi-aumentata.it,Register,,"€15,00",31/08/2022,,,,,,,,,,,,,,,,,,,,,,"€0,00","€15,00",,,,,,,,
,,DA VERIFICARE,,mindfulness-aumentata.it,Register,,"€15,00",07/09/2022,,,,,,,,,,,,,,,,,,,,,,"€0,00","€15,00",,,,,,,,
,,DA VERIFICARE,,tracciati-dealer.it,Register,,"€15,00",21/09/2022,,,,,,,,,,,,,,,,,,,,,,"€0,00","€15,00",,,,,,,,
,,DA VERIFICARE,PDRCERT,pdrcert.com,Register,,"€15,00",16/09/2022,,,,,,,,,,,,,,,,,,,,,,"€0,00","€15,00",,002,,"6,3 Gb",,,,
,,DA VERIFICARE,GARDENDESK,gardendesk.com,Register,,"€30,55",16/08/2022,,,,,,,,,,,,,,,,,,,,,,"€0,00","€30,55",,,,,,,,
,,DA VERIFICARE,MW ZANDER,mw-zanderitalia.it,Register,,"€15,00",11/12/2022,,"€81,40",19/12/2022,,,,,,,,,,,,,,,,,,,"€0,00","€96,40",,,,,,,,
,,DA VERIFICARE,,mettitiinrete.it,Register,,"€15,00",26/12/2022,,,,,,,,,,,,,,,,,,,,,,"€0,00","€15,00",,,,,,,,
,,DA VERIFICARE,MICHELA NATOLI,centropsicologiavimercate.com,Register,,"€15,00",02/11/2022,,,,,,,,,,,,,,,,,,,,,,"€0,00","€15,00",,002,,250 Mb,,,,
,,DA VERIFICARE,,farelegami.it,Register,,"€15,00",07/10/2022,,,,,"€19,60","9520319.       05/11/2022
9519942.       05/11/2022",,"€9,10",05/11/2022,,,,,,,,,,,,,"€0,00","€43,70",,,,,,,,
,,DA VERIFICARE,dariomaria.gattini,dariomaria.gattini@pec-mail.it,Register,,,,,,,,,,,,,,,,,,"€19,00",06/11/2022,,,,,,"€0,00","€19,00",,,,,,,,
,,DA VERIFICARE,obc,obc@pec-mail.it,Register,,,,,,,,,,,,,,,,,,"€19,00",06/11/2022,,,,,,"€0,00","€19,00",,,,,,,,
,,DA VERIFICARE,scenaperta,scenaperta@pec-mail.it,Register,,,,,,,,,,,,,,,,,,,,,,,,,"€0,00","€0,00",,,,,,,,
,,DA VERIFICARE,recalcatiserramenti,recalcatiserramenti@pec-mail.it,Register,,,,,,,,,,,,,,,,,,"€19,00",12/11/2022,,,,,,"€0,00","€19,00",,,,,,,,
,,DA VERIFICARE,taniaeugeniaradaelli,taniaeugeniaradaelli@pec-mail.it,Register,,,,,,,,,,,,,,,,,,"€19,00",13/11/2022,,,,,,"€0,00","€19,00",,,,,,,,
,,DA VERIFICARE,andrearebosio,andrearebosio@pec-mail.it,Register,,,,,,,,,,,,,,,,,,"€19,00",14/11/2022,,,,,,"€0,00","€19,00",,,,,,,,
,,DA VERIFICARE,vincenzo dambrosio,vincenzo.dambrosio@pec-mail.it,Register,,,,,,,,,,,,,,,,,,"€19,00",24/11/2022,,,,,,"€0,00","€19,00",,,,,,,,
,,DA VERIFICARE,wrapo,wrapo.it,Altro,,,,,,,,,,,,,,,,,,,,,,,,,"€0,00","€0,00",,001,,90 Mb,,,,
,,DA VERIFICARE,Mimes,mimes.it,Register,,"€15,00",26/10/2022,,,,,,,,,,,,,,,,,,,,,,"€0,00","€15,00",,,,,,,,
,,DA VERIFICARE,ARTEMIDE,artemiderisolve.it,Altro,,,,,,,,,,,,,,,,,,,,,,,,,"€0,00","€0,00",,002,,106 Mb,,,,
,,DA VERIFICARE,POLO4,polo4.it,Altro,,,,,,,,,,,,,,,,,,,,,,,,,"€0,00","€0,00",,002,,70 Mb,,,,
,,DA VERIFICARE,REV MILANO,revmilano.it,Altro,,,,,,,,,,,,,,,,,,,,,,,,,"€0,00","€0,00",,002,,200 Mb,,,,
,,DA VERIFICARE,CASCINA BIBLIOTECA ,inclusivipernatura.it,Altro,,,,,,,,,,,,,,,,,,,,,,,,,"€0,00","€0,00",,003,,670 Mb,,,,
,,DA VERIFICARE,FPBNL,terrazzerondo.quifondo.it,Altro,,,,,,,,,,,,,,,,,,,,,,,,,"€0,00","€0,00",,003,,145 Mb,,,,
,,DA VERIFICARE,FPBNL,quifondo.it,Altro,,,,,,,,,,,,,,,,,,,,,,,,,"€0,00","€0,00",,004,,500 Mb,,,,
,,DA VERIFICARE,RATASHOP,ratashop.it,Altro,,,,,,,,,,,,,,,,,,,,,,,,,"€0,00","€0,00",,004,,"3,8 Gb",,,,
,,DA VERIFICARE,NICOLA PORTINARO,nicolaportinaro.it,Altro,,,,,,,,,,,,,,,,,,,,,,,,,"€0,00","€0,00",,Cpanel,,,,,,
,,DA VERIFICARE,SENTIERI DEL CINEMA,sentieridelcinema.it,Siteground,,,,,,,,,,,,,,,,,,,,,,,,,"€0,00","€0,00",,Siteground,,,,,,
,,BRAND039,LIBERALAMENTE,liberalamente.me,Register,,"€15,00",07/08/2022,,"€21,00",,,,,,,,,,,,,,,,,,,,"€0,00","€36,00",,,,,,,,
,,BRAND039,AUTOCERT,autocert.me,Register,,"€15,00",25/08/2022,,,,,,,,,,,,,,,,,,,,,,"€0,00","€15,00",,,,,,,,
,,BRAND039,EYESCLOUD,eyescloud.it,Register,,"€15,00",29/08/2022,,,,,,,,,,,,,,,,,,,,,,"€0,00","€15,00",,Cpanel,,,,,,
,,BRAND039,EYESCLOUD,eyescard.it,Register,,"€15,00",15/12/2022,,,,,,,,,,,,,,,,,,,,,,"€0,00","€15,00",,,,,,,,
,,BRAND039,ALEX,alexanderterkuile.it,Register,,"€15,00",08/07/2022,,,,,,,,,,,,,,,,,,,,,,"€0,00","€15,00",,,,,,,,
,,BRAND039,BLUKIWI,blukiwi.it,Register,,"€15,00",04/07/2022,,,,,,,,,,,,,,,,,,,,,,"€0,00","€15,00",,,,,,,,
,,BRAND039,BRAND039,brand039.eu,Register,,"€43,15",21/10/2022,,,,,,,,,,,"€2,70",21/10/2022,,,,,,,,,,"€0,00","€45,85",,,,,,,,
,,BRAND039,BRAND039,brand039.com,Register,,,,,,,,"€23,05",8423552.       11/10/2022,,"€9,10",11/10/2022,,"€18,90",11/10/2022,,,"€19,80",02/11/2022,,,,,,"€0,00","€70,85",,,,,,,,
,,BRAND039,BRAND039,brand039.it,Register,,"€15,00",08/12/2022,,,,,,,,,,,,,,,,,,,,,,"€0,00","€15,00",,,,,,,,
,,BRAND039,BRAND039,,,,"€130,90",,,,,,,,,,,,,,,,,,,,,,,"€0,00","€130,90",,,,,,,,
,,BRAND039,NO CLIENTI,,,,"€221,30",,,,,,,,,,,,,,,,,,,,,,,"€0,00","€221,30",,,,,,,,
,,,,,,"€4.775,00",,,"€15.429,00",,,"€1.395,00",,,"€525,00",,,"€798,00",,,"€2.416,00","€760,00",,,,,"€1.197,00","€7,00",,"€37.051,00","€7.650,01",,,,,,,,